SMD,Candidate Name,Website,Social,Incumbent
4D02,Jonathan Hogue,,https://sites.google.com/view/jonathanhogueforanc4d02?usp=sharing,
6D03,Gail Fast,,,
5F05,Andrew Pendleton,,,
3C06,Joshua Peacock,,,
6D01,Oliver Roy,,oliver4dc facebook,
3C05,Peter Miles,,,
5F03,Shealia Tyson,,ancshealiat5f@gmail.com,
6D03,Katie Henke,,@katie6d03.bsky.social ; katie6d03.substack.com,
3C03,Janell Pagats,,,
6B08,Jeffrey Menzer,,,
2G01,Christian Dingus,,,
1D05,Omar Parbhoo,,,
2C02,Nancy Groth,https://goodchange.app/donate/nancygroth?mk=ggwash,,
1E04,Rashida E Brown,,@rashidabrowndc,
5A04,Jack Hermes,,,
3D01,Andrew Heimert,,,
5D03,Marcus Thaw,,,
5F04,Melissa L Coughlin,,,
2A08,Jim Malec,,https://x.com/JimMalec,
7B03,Travis R. Swanson,,Bluesky: @travisdc.bsky.social  | Spoutible: @travis,
5D02,Pete Loftus,,"@votepeteloftusanc, www.jpeterloftus.com",
3A03,Isaac Bowers,,,
4C03,Mike Warburton,,www.mikejw.me/4c03,
5A02,Cheryl A. Tracy,,Facebook,
1A03,Joseph Schmitt,,,
1A04,John Henderson,,,
8D04,Daquan Johnson,,@Gildedquan,
7D06,Dominic Pacheco,,instagram: dominic4anc,
6A06,Chris Kennedy,,x.com/chrisjkennedy,
8A06,Ty'on L. Jones,https://secure.actblue.com/donate/tjfor8a06,@TJfor8A06,
5E03,Andrew Waks,,https://andrewwaks.com/,
4C02,Josh Mahan,,none at the moment,
5C02,Danielle Henry,https://secure.actblue.com/donate/danielle-henry-1,https://www.facebook.com/profile.php?id=61593401844782,
7C06,LaDan Wallace Johnson,,,
4C01,Emily Winternitz,,,
4D02,Abel Amene,,,
2B08,Zachary Adams,,,
3C02,Adam J. Prinzo,,@aprinzodc on Twitter and Bluesky and Instagram,
2B02,Jeffrey Rueckgauer,,Twitter: @capitaljeff Bluesky: @capitaljeff.bsky.social Facebook: jeff.rueckgauer,
8B01,Margaret Thomas,,ANC 8B01 Commissioner,
5E05,Ashton DeLano,,,
8D06,Devon Lesesne,,@theeblackanglosaxon,
4B05,Joe Barrios,,www.barriosanc.com,
7F01,Tyrell M Holcomb,,,
6B09,Karen Hughes,,,
7D04,Katie Murphy,,,
1B02,Ilsy Bu Orellana,,,
7D06,Donte D Massey,,@DonteMassey1206,
1B03,J. Swiderski,https://goodchange.app/donate/j4anc,,
5E04,Huma Imtiaz,,https://www.humaimtiaz.com,
1E02,Dominique D. Satterwhite,,,
2B05,Alex Marshall,,twitter.com/a_r_marshall,
2B07,Bill Rubin,,,
3A01,Thaddeus Bradley-Lewis,,@Thad3a01 on X,
4C04,Monica E. Arrington,,TBA,
1B04,Guneev Sharma,,,
6B03,David Sobelsohn,,,
5B02,Bree Ryback,,Instagram: @BreeInDC,
5E06,Tristan Zoerb,,TBD,
6A01,Scott Burger,,,
5D01,Austin Bowen,,,
4B04,Charlie Mayer,,,
4B06,Tiffani Nichole Johnson,,CommissionerJohnsonANC4B06.com (Website)  @CommissionerJohnson4B06 (Facebook)  @Johnson4B06 (Twitter)  CommissionerJohnsonANC4B06 (Instagram)  CommissionerJohnsonANC4B06 (Threads)  @Johnson4B06.bsky.social (BlueSky),
7E04,Patricia Stamper,,Stamper4DC-IG/X,
8A01,Tom Donohue,https://secure.actblue.com/donate/electtomdonohue,https://www.facebook.com/reelecttomdonohue,
4B10,James D Gaston III,,,
2G06,Katelyn McNelis,,McNelisforDC (instagram),
2B06,Matt Johnson,,twitter: MattFor2B06,
8B01,Malcolm Williams,,"Facebook,  Tiki Tok",
5D01,Reginald Parker Shaw-Richardson,,,
6/8F05,Dayan Reynolds,,,
2G01,Howard Garrett,,Hgarrett4dc,
3F05,Spenser Dettwyler,,,
5F06,Joe Bishop-Henchman,,,
1A01,Jaspal S. Bhatia,,,
1A04,Jeremy S. Sherman,,,
1A05,Christine Miller,,,
1A06,Anthony Thomas-Davis,,,
1A06,Arjun Singh,,,
1A07,Shane D. McCarthy,,,
1A08,Shira Davidson,,,
1A09,Daniela Kelley,,,
1A10,Vida Rangel,,,
1B01,Matt Fay,,,
1B02,Frank Chauvin,,,
1B03,David Seidman,,,
1B03,Jamie S. Sycamore,,,
1B05,Alan Kensek,,,
1B05,Lisa Rucker,,,
1B06,Miguel Trindade Deramo,,,
1B07,Matthew Holden,,,
1B08,Brittany Beekman,,,
1B09,Stephen Hanrahan,,,
1C01,Howard Bauleke,,,
1C02,Sterling Speirn,,,
1C03,Kendall Gibson,,,
1C04,Marie-Elise Diamond,,,
1C04,Courtney L. Sexton,,,
1C05,Curtis Harrison,,,
1C06,Lena Kennell,,,
1C07,Nancy Shia,,,
1C08,David Fucillo,,,
1C09,Malinda Frevert,,,
1D01,Sam Bell,,,
1D01,Maki Tazawa,,,
1D02,Susan Patrick,,,
1D03,Erika Nunez,,,
1D04,Melissa Wyers,,,
1D06,Keith S. Krosinsky,,,
1D06,Sapna Pandya,,,
1D07,Gary Decker,,,
1E01,Brad Howard,,,
1E02,Audra K. Grant,,,
1E02,Michael McGarthy,,,
1E03,Philippa Hawker,,,
1E03,Rami Jackson,,,
1E04,Marc Poe,,,
1E05,Leah Peterson,,,
1E06,Joshua Jacobson,,,
1E07,Stephen Bauer,,,
1E07,Mark A. LeMunyon,,,
2A02,Rob Gifford,,,
2A03,John P. George,,,
2A03,Trupti J. Patel,,,
2A04,Edward Comer,,,
2A06,John H. Dolan,,,
2B01,James Bassett,,,
2B01,Cameron G. Yen,,,
2B02,Keaton Dicapo,,,
2B02,Zach Epstein,,,
2B03,Vincent E. Slatt,,,
2B04,Madison Crum,,,
2B07,Kendall Simonds,,,
2B09,Lynn Thompson,,,
2C01,Michael D. Shankle,,,
2C02,John Fredericks,,,
2C03,Thomas S. Lee,,,
2C03,Darren Sheets,,,
2D01,Robyn Lipton,,,
2D02,Carole L. Feld,,,
2E01,Aleria Elyse Butler,,,
2E01,Eric Langenbacher,,,
2E02,Topher Mathews,,,
2E03,Paul Maysk,,,
2E05,Miriam Lindner,,,
2E06,Stefanie Scott,,,
2E07,Brian Saligman,,,
2E07,Natalee S. Snider,,,
2F01,David R. Rubenstein,,,
2F03,Joe Florio,,,
2F04,Benjamin Dalley,,,
2F05,Christopher Dyer,,,
2F07,Kevin Cataldo,,,
2G02,Alexander M. Padro,,,
2G03,Nicole Shea,,,
2G04,Steven M. McCarty,,,
2G05,Sheena Berry,,,
2G06,Alex Tsalyuk,,,
2G06,Shariff Washington,,,
3A05,Ann Lane Mladinov,,,
3B01,Kevin Lavezzo,,,
3B02,Kevin Youel Page,,,
3B03,Melissa Lane,,,
3B04,Richard Pollock,,,
3B05,Gupi Howie,,,
3B06,S Robert Rodriguez,,,
3B06,Christine Warnke,,,
3C01,Ralph Ives,,,
3C04,Erin Beard,,,
3C07,Gawain Kripke,,,
3C08,Rick Nash,,,
3C08,Connor H. O’Brien,,,
3D02,Tricia Duncan,,,
3D03,Gary Langston,,,
3D04,Mark M. Blumenthal,,,
3D05,Bernie Horn,,,
3D06,Marilyn Nowalk,,,
3D07,J.P. Szymkowicz,,,
3E01,Matthew Cohen,,,
3E02,Amy B. Hall,,,
3E03,Jonathan Bender,,,
3E04,Tom Quinn,,,
3E05,John J. Mitchell,,,
3E06,Alexandra Gianinno,,,
3F01,Manolis Priniotakis,,,
3F03,Mitchell Baer,,,
3F04,Natan M. Skolnik,,,
3F05,Adrian Jesus Igles,,,
3/4G01,Lisa R. Gore,,,
3/4G02,Bruce Sherman,,,
3/4G03,Carol Grunewald,,,
3/4G03,Shannon Tregar,,,
3/4G04,Laura Phinizy,,,
3/4G05,Karrenthya Simmons,,,
3/4G05,Weiqing F. Torti,,,
3/4G06,Peter Gosselin,,,
3/4G07,Liz Nagy,,,
4A02,Joan Hoyte,,,
4A03,Christian X Hara,,,
4A05,Kim Patterson,,,
4B01,Alphonse Canata,,,
4B01,Dave Cooke,,,
4B01,Carol Joyner,,,
4B02,Christopher Sousa,,,
4B05,Wayne E. Savage,,,
4B07,Melissa Crawford,,,
4B07,Julie Patton Lawson,,,
4B09,Kency Nittler,,,
4C03,Petrona Xemi Tapepechul,,,
4C04,Landon Isenberg,,,
4C05,Brittany Kademian,,,
4C06,Christen Boas Hayes,,,
4C06,John Qua,,,
4C07,Lionel Dripps,,,
4C07,Taunya M. Martin,,,
4D01,Matthew Staed,,,
4D03,David Brotman,,,
4D04,Eliza Cava,,,
4D05,Stephen Marencic,,,
4D06,Joey Baietti,,,
4D06,Brian Haupt,,,
4D07,Brittany Vesce,,,
4E01,Rebekkah S. Green,,,
4E01,Aretha “Nikki” Jones,,,
4E02,Vince Micone,,,
4E03,Maria Barry,,,
4E04,Hal Gordon,,,
4E05,Camise McAdams,,,
4E06,Sara Adland,,,
5A01,Keith J. Sellars,,,
5A03,Emily Singer Lucio,,,
5A03,Skylar Verastequi-Diaz,,,
5A03,Yvette Williams,,,
5A05,Regina A. Smith,,,
5A05,Dyanna Weston,,,
5A06,April Brown,,,
5A06,"Derrick O. Holloway, Sr",,,
5A08,Elaine Alston,,,
5A08,Dwight Davis,,,
5A08,Debra Whitford,,,
5A09,Robert T. Oliver,,,
5B01,Deborah Colvin,,,
5B01,Amy Enchelmeyer,,,
5B01,Shirley Rivens Smith,,,
5B02,Andrew Davis,,,
5B02,Ursula Higgins,,,
5B03,Jingwen Sun,,,
5B03,Elise Scott,,,
5B04,Ra Amin,,,
5B04,Rayseen Woodland,,,
5B05,Michael Chaney,,,
5B05,John J. Feeley,,,
5B05,Monica Martinez Lopez,,,
5B05,Rachel,,,
5B06,Felecia Abney-Barber,,,
5B06,Tyrone A. Gibson,,,
5B06,Maya Vizvary,,,
5B07,Zahid Rathore,,,
5C01,Cierra Craig,,,
5C01,Konyka Dunson,,,
5C02,Shawn Taylor,,,
5C03,Tequia Hicks Delgado,,,
5C04,Shawn Nelson,,,
5C05,Darlene Oliver,,,
5C05,Kris Pritchard,,,
5C06,"Harry Thomas, Jr",,,
5C07,Latoyia Allen,,,
5D02,Sebrena L. Rhodes,,,
5D04,Melba Davis,,,
5D05,Rashema Collins,,,
5D05,Justin McCarthy,,,
5D05,Salvador Sauceda-Guzman,,,
5D06,Crystal Hamlin,,,
5D06,Alexandria K. June,,,
5D07,Bryhan A. Ivery,,,
5D07,Juan McCullum,,,
5D09,Crystal Green-Campbell,,,
5E01,Kyle Gardiner,,,
5E01,Ana Rodriguez,,,
5E01,Marcia Williams,,,
5E02,Ada Avitabile,,,
5E02,Karla M. Lewis,,,
5E02,Matt Malinowski,,,
5E03,Patrick J. King,,,
5E05,Robert Vinson Brannum,,,
5E06,Kirby Vining,,,
5F01,Nicole Jones,,,
5F02,Matthew Frichtl,,,
5F03,Patricia L. Williams,,,
5F04,Daniel Vega,,,
5F07,Julia Hedlund,,,
6A02,Kimberly S. Butler,,,
6A02,Kari Cooke,,,
6A02,Cole Rinner,,,
6A03,Rob A. Jackson II,,,
6A03,Roberta Shapiro,,,
6A04,Steve Geimann,,,
6A05,Morgan Conley,,,
6A06,Daniel Aboagye,,,
6A06,Ray Biggs II,,,
6A06,Ben Hammer,,,
6A07,Jeff Giertz,,,
6B01,Jon Mandel,,,
6B02,Gerald “Jerry” Sroufe,,,
6B04,Francisco White,,,
6B05,Samuel Pastore,,,
6B06,Lisa Matsumoto,,,
6B07,Rachel E. Feinstein,,,
6C01,Jeremiah M. Foxwell,,,
6C02,Lea M. Crusey,,,
6C03,Jay Adelstein,,,
6C04,Mark Eckenwiler,,,
6C05,Daniela Kelley McInerney,,,
6C06,Lorenzo Cinalli,,,
6C07,Tony T. Goodman,,,
6C07,Grayson Lewis,,,
6D01,Marquell Merlin Washington,,,
6D02,"David Bowman, Jr",,,
6D04,Manasi Raveendran,,,
6D05,Chearie Phelps-El,,,
6D05,Timothy M. Taylor,,,
6D06,Mitchell Calhoun,,,
6D06,Julian Hunt,,,
6D07,Fredrica “Rikki” Kramer,,,
6D08,Rhonda Natalie Hamilton,,,
6E03,Kevin M. Rogers,,,
6E04,Julia Fiedler,,,
6E06,Kevin Knight,,,
6E09,Ritanch T. Hans,,,
7B02,Jamaal Maurice Pearsall,,,
7B04,Keith R. Hasan-Towery,,,
7B06,Cortez Johnson,,,
7B07,Rickey Titus,,,
7B07,Jimmie Williams,,,
7B08,Angela Sydnor,,,
7B09,Kenyatta M. Smith,,,
7C01,Leron Douglas,,,
7C01,Brian A. Glover,,,
7C02,Patricia Williams,,,
7C03,Carlos D. Richardson,,,
7C04,Anthony Lorenzo Green,,,
7C05,Mary L. Gaffney,,,
7C06,Devin Turner,,,
7C07,Antawan Holmes,,,
7C08,Brandon Scott,,,
7C09,Carrie N. Brown,,,
7D01,Josh Taborn,,,
7D02,Toya Henderson,,,
7D04,Charles Boston,,,
7D05,Nisha Patruni,,,
7D07,Sarah C. Miller,,,
7D08,Brian Alcorn,,,
7D09,Ashley Schapitl,,,
7D10,Dev Myers,,,
7E02,Aaron Harris,,,
7E02,Sehree M. Mickel,,,
7E05,Mihai Psederski,,,
7E07,Jonathan Inman,,,
7F02,Zewdi Alem,,,
7F02,Ashley Renee Ruff,,,
7F03,Kimory KSO Orendoff,,,
7F04,Chanettia Nelson,,,
7F05,Brittany N. Hughes,,,
7F06,Frieda Edwards,,,
7F07,Shirley Thompson-Wright,,,
8A01,Kwame T. Perry,,,
8A02,Brenda Douyon,,,
8A02,Anthony Paul Foreman,,,
8A03,Andrea L. Davis,,,
8A04,"Fred Gamble, Jr",,,
8A04,Fria Moore,,,
8A05,Jason Anderson,,,
8A05,Jared Powell,,,
8A07,Tomora D. Redman,,,
8B02,Betty Scippio,,,
8B03,Kellie Jackson,,,
8B04,Benita V. Fundersburg,,,
8B04,Kimberly M. Little,,,
8B05,Joseph Johnson,,,
8B05,Kawana J. Williams,,,
8B06,Hanna Baker,,,
8B06,Marcus Thomas Hickman,,,
8B07,Juanita Beltran,,,
8B07,Opal Sturghill,,,
8C01,Sherrae Gravely,,,
8C02,Gregory J. White,,,
8C03,Darrell Chase,,,
8C04,De’Ja Edmundson,,,
8C04,Kendall Ridley,,,
8C05,Cheryl Moore,,,
8C06,Diamond Douglas,,,
8C06,Collette Newby,,,
8C07,Salim Adofo,,,
8C08,Rene Neal,,,
8C08,Joy Page,,,
8D01,Dionne Yvette Brown,,,
8D01,Travon Hawkins,,,
8D03,Cassandra M. Matthews,,,
8D06,Frederick Nelson,,,
8D08,Marquis Dion Cotton,,,
8D08,Randell Strickland,,,
8E01,Vickie R. Lipscomb,,,
8E01,Deborah J. Wells,,,
8E03,Kelly Mikel Williams,,,
8E04,Veronica Adams,,,
8E08,Saudia Jenkins,,,
8E09,Lacy Martae Williams,,,
6/8F01,Dolores Miracle Bryant,,,
6/8F02,Antonio Rossi,,,
6/8F03,Brian Strege,,,
6/8F05,Kim Alston,,,
6D01,Garritt Garcia,,,
7B01,Kiara Rutherford,,,
